core	A [-9]	C [-9]	G [-9]	T [-9]	A [-8]	C [-8]	G [-8]	T [-8]	A [-7]	C [-7]	G [-7]	T [-7]	A [-6]	C [-6]	G [-6]	T [-6]	A [-5]	C [-5]	G [-5]	T [-5]	A [-4]	C [-4]	G [-4]	T [-4]	A [-3]	C [-3]	G [-3]	T [-3]	A [-2]	C [-2]	G [-2]	T [-2]	A [-1]	C [-1]	G [-1]	T [-1]	A [+1]	C [+1]	G [+1]	T [+1]	A [+2]	C [+2]	G [+2]	T [+2]	A [+3]	C [+3]	G [+3]	T [+3]	A [+4]	C [+4]	G [+4]	T [+4]	A [+5]	C [+5]	G [+5]	T [+5]	A [+6]	C [+6]	G [+6]	T [+6]	A [+7]	C [+7]	G [+7]	T [+7]	A [+8]	C [+8]	G [+8]	T [+8]	A [+9]	C [+9]	G [+9]	T [+9]
AAAAACA	0	0.005909824	0.100175437	0.074173096	0.027577467	0	0.069677246	0.026388676	0.088983623	0	0.119327942	0.054513085	0.337128499	0	0.347563033	0.134146171	0.142518598	0.290089957	0	0.334847056	0	0.947997595	0.7341472	0.53862553	0	0.942327065	0.774252897	0.520848366	0	0.675637311	0.602382958	0.293204422	0.623851874	0.214928605	0.585961069	0	0	0.660970313	0.916315273	0.304699903	0	0.598516488	0.717923258	0.00957029	0.001878803	0.096673154	0	0.053518321	0.011304071	0.085689512	0	0.251079354	0	0.046158267	0.057393131	0.08885236	0.005517024	0.04539659	0.045847964	0	0.074296746	0.046329333	0.073937044	0	0.116380689	0.167477812	0.134732992	0	0.056721159	0.21413962	0.127480877	0
AAATACA	0	0.165813877	0.231986116	0.155599549	0	0.076125462	0.242139008	0.088529574	0	0.025910296	0.013257349	0.016957311	0	0.286887267	0.311187426	0.219645655	0	0.547432529	0.343426466	0.294299327	0	0.576674965	0.646346904	0.403479311	0	0.309568348	0.427436251	0.182234887	0	0.235290552	0.363469417	0.440427285	0.22572999	0.025580356	0.584293117	0	0	0.237040779	0.354244736	0.113970655	0	0.387245417	0.414685864	0.244723474	0	0.027214835	0.10368206	0.022765082	0	0.231411295	0.215967067	0.166983199	0	0.040954679	0.10908632	0.007102026	0.027766125	0.108003749	0.090286221	0	0.03343434	0.082178862	0.042079663	0	0.070862875	0.103971399	0.042007938	0	0.122533763	0.167170519	0.101863259	0
AACAACA	0.099566665	0.013911695	0.070728703	0	0.101605137	0	0.075351039	0.117446289	0.132709677	0	0.202198603	0.147533905	0.086090811	0	0.252215048	0.111400215	0	0.279320385	0.081484648	0.262971366	0	0.820731094	0.749829935	0.334179722	0	0.865640656	0.718140601	0.397793399	0	0.386021864	0.291717835	0.148767913	0.465428103	0.350384665	0.536260187	0	0	0.637365572	0.889085388	0.363054255	0	0.672989958	0.703943019	0.055598317	0.030674754	0.127809702	0	0.060254835	0.109902276	0.102073834	0	0.293617145	0	0.038836748	0.006945454	0.093043572	0.021642714	0	0.028448062	0.047276096	0.006780655	0.014405852	0.011714085	0	0.048122874	0.074066116	0.010842394	0	0.148384729	0.14115954	0.10668448	0
AACGCA	0	0.140748873	0.23587954	0.125996159	0	0.089591661	0.147849294	0.074351085	0	0.054677432	0.137413523	0.066873202	0	0.021513676	0.22772836	0.048218011	0	0.286112104	0.189540878	0.259204908	0	0.500624963	0.596835984	0.353550483	0	0.641409055	0.482153988	0.5270298	0	0.35365428	0.408169663	0.134593983	0	0.069315818	0.231604906	0.243110262	0	0.327348553	0.571415909	0.185798157	0	0.225745414	0.4685416	0.105610301	0.038015324	0.105045986	0.289679085	0	0.00939402	0.210691903	0.211183774	0	0.090810743	0.249145921	0.199470427	0	0.054509162	0.185149183	0.146273356	0	0.008564569	0.042480478	0.054489672	0	0.024694409	0	0.007393343	0.030903067	0.064337937	0.066956313	0.137020788	0
AATAACA	0	0.012708698	0.040059483	0.027453243	0.034514992	0	0.0843955	0.036608904	0.070338303	0	0.1207275	0.083493195	0.241102886	0	0.312615895	0.099426548	0.098574518	0.317564097	0	0.360067885	0	0.912540844	0.747454781	0.478740164	0	1.051983649	0.834601972	0.479238213	0	0.727100907	0.672435037	0.379681504	0.633968971	0	0.70690512	0.181178668	0	0.657567592	0.851313213	0.300782616	0	0.605224015	0.714918322	0.003439158	0	0.108661761	0.016052211	0.039803205	0.039727215	0.1009328	0	0.273220063	0	0.066591919	0.03854809	0.082725262	0.016179407	0	0.023176322	0.029745085	0.059234082	0	0.025515272	0.016364136	0.120720659	0.078749864	0.132890854	0	0.165414285	0.136243523	0.08572742	0
AATAATA	0	0.00924245	0.175706236	0.116713774	0	0.098912077	0.123504087	0.107005147	0	0.183364067	0.197257606	0.109975029	0	0.145573351	0.32549903	0.086840441	0	0.345633855	0.115503475	0.222239058	0	0.409337796	0.451540885	0.189618943	0	0.527811606	0.515453906	0.442382507	0	0.438180428	0.585018623	0.287960096	0.154900697	0	0.613273292	0.276483925	0	0.291028439	0.357453479	0.256263748	0	0.435057415	0.394978461	0.236163514	0.062344877	0	0.05398234	0.070853178	0	0.126702644	0.059451667	0.094878824	0	0.092234458	0.111783275	0.04887055	0	0.102806591	0.160286137	0.033688682	0.082246443	0.10559943	0.060097927	0	0.101910275	0.132959468	0.136882513	0	0.072404068	0.184037184	0.08446605	0
ACAAACA	0.035915262	0	0.040182884	0.058713536	0	0.141814343	0.180562267	0.083338876	0	0.108676847	0.238765856	0.126125078	0.046490946	0	0.213778132	0.038465536	0.001923217	0.127198992	0	0.105445587	0	0.812877519	0.580799332	0.366494315	0	0.868974293	0.676190545	0.495198648	0	0.533602022	0.646546841	0.47154088	0.3260404	0	0.508621087	0.077175819	0	0.572932181	0.813384067	0.302486744	0	0.671368172	0.687186562	0.037847867	0.081783166	0.146060696	0	0.08806664	0.111501353	0.130452478	0	0.326369806	0	0.005023916	0.018658988	0.105369448	0.006960876	0	0.038392878	0.011128016	0.048402435	0	0.049307173	0.003127656	0.091861415	0.086805877	0.138329174	0	0.128743077	0.136855652	0.115363359	0
ACCAACA	0	0.045713034	0.066300778	0.0556881	0	0.006487215	0.078323025	0.06449578	0	0.021359432	0.171893667	0.077377904	0.1048141	0	0.252884296	0.096383746	0	0.238428077	0.068771531	0.19459676	0	0.70371049	0.586774969	0.333970031	0	0.743341124	0.593100038	0.429066512	0	0.551118429	0.520772399	0.420301779	0.349447693	0.084135638	0.672303791	0	0	0.486281667	0.826803816	0.430240186	0	0.679092226	0.773712566	0.185578071	0	0.153882997	0.065510926	0.040381559	0.006435042	0.115787737	0	0.164129042	0	0.062637984	0.030281988	0.071974287	0.031741501	0	0.063106765	0.06042309	0.034274897	0.018727041	0.021667734	0	0.024857409	0.042148857	0.104650825	0	0.155862118	0.15357505	0.206026793	0
AGAAACA	0	0.0893107	0.15276046	0.084215435	0	0.021110739	0.077321889	0.021624649	0.04354757	0	0.133648888	0.093184346	0.218811874	0	0.302001405	0.158997465	0.008728772	0.197625084	0	0.214017435	0	0.768223829	0.64857488	0.452298257	0	0.820781976	0.739154406	0.46090787	0	0.703567197	0.612330614	0.396551607	0.031808943	0.229133415	0.26110263	0	0	0.474024099	0.790633856	0.175544588	0	0.607651418	0.653615091	0.049895404	0.001769479	0.142638517	0	0.041635273	0	0.133385134	0.017074705	0.249623177	0.002977546	0	0.032224789	0.079701033	0	0.084382347	0.13096233	0.062594704	0.030947395	0.092068626	0.114054838	0	0.087602034	0.132993044	0.161317392	0	0.172918148	0.163487795	0.117250935	0
AGCAACA	0.015406534	0	0.112036304	0.062764251	0.04254611	0	0.134256738	0.045418134	0.029740273	0	0.156005369	0.109623989	0.08607676	0	0.299016792	0.112430985	0	0.297617358	0.108770618	0.272527391	0	0.758041701	0.690492923	0.347766573	0	0.816815809	0.586505788	0.483443666	0	0.618923254	0.525886413	0.266099326	0.169676039	0.20345841	0.569304669	0	0	0.530875408	0.822729265	0.32173019	0	0.711507267	0.725990997	0.129030729	0.004143482	0.126921582	0	0.033930073	0.04712372	0.112316926	0	0.236170398	0	0.04580012	0.012931608	0.069539139	0.011954758	0	0.027276865	0.019125495	0.01838073	0	0.040769656	0.01422643	0.041694408	0.070755818	0.064467993	0	0.088420957	0.145747943	0.169141678	0
ATAAACA	0.025021887	0	0.106089558	0.099155816	0.104962598	0	0.061928769	0.076331135	0.130292247	0	0.142835606	0.104465444	0.316757678	0	0.318292942	0.151549301	0.071033204	0.205393883	0	0.299466865	0	0.909969336	0.611660029	0.409329535	0	1.005152331	0.751950385	0.539440239	0	0.508511061	0.399349043	0.292025488	0.397768436	0.107832917	0.339228179	0	0	0.664314691	0.86805029	0.306780797	0	0.715802135	0.674185327	0.055519552	0.123191026	0.153163001	0	0.191769381	0.142981416	0.104487702	0	0.34789093	0.033194568	0.026387673	0	0.119428533	0.05778194	0	0.020094256	0.012070116	0.068840907	0.016187823	0.020326942	0	0.076775594	0.047516341	0.042965877	0	0.137730753	0.143966074	0.080331531	0
ATAAATA	0	0.010909578	0.052201479	0.080168525	0.097005697	0	0.093407116	0.036540145	0.056083949	0	0.107630298	0.08698537	0.326187507	0	0.356767692	0.155679477	0.135811995	0.244296941	0	0.304674168	0	0.98660716	0.663331131	0.516105217	0	1.03739144	0.816968964	0.541172267	0	0.575498627	0.462941928	0.32910418	0.254134775	0.083798965	0.253596759	0	0	0.496587748	0.50036012	0.19432851	0	0.764150677	0.614371059	0.248165444	0.141457225	0.143803078	0	0.244445124	0.157328201	0.12274434	0	0.340940498	0.00653718	0.017302977	0	0.10737918	0.030796163	0	0.022781431	0.005593358	0.044761604	0.018427191	0.023770342	0	0.099744109	0.10907661	0.140900865	0	0.160278605	0.213980555	0.143332591	0
ATACACA	0.046336181	0	0.148128594	0.122285621	0.058849895	0	0.175418449	0.094028516	0.096678694	0	0.123687014	0.101215282	0.189390166	0	0.317998688	0.091260073	0	0.362177446	0.09217937	0.322962547	0	0.993446375	0.730671174	0.415392681	0	0.893143992	0.768328572	0.407036545	0	0.316225757	0.450818421	0.208894871	0.321301969	0.076988381	0.37977711	0	0	0.539089304	0.785751227	0.363248651	0	0.742931576	0.677506679	0.209439229	0.156621674	0.159686582	0	0.115560292	0.086274887	0.083081997	0	0.26119463	0.039210672	0.034840568	0	0.110190242	0.032300402	0	0.044150547	0.050490113	0.086227985	0.099734889	0.104884934	0	0.096610891	0.068192829	0.108983138	0	0.239803169	0.300696815	0.099446757	0
ATATACA	0	0.054632454	0.099897249	0.121888909	0.055132674	0	0.123743128	0.065460667	0.060016689	0	0.147912804	0.071134368	0.23735026	0	0.299818645	0.126875606	0.061652646	0.212293562	0	0.260682432	0	0.758673169	0.611012924	0.403936032	0	0.938550976	0.813521235	0.466525242	0	0.484969021	0.446113357	0.25988493	0.621073481	0.324805334	0.695370839	0	0	0.583609633	0.793665735	0.30349706	0	0.836282952	0.813403761	0.189989548	0.043298427	0.099392499	0.023146832	0	0.062858423	0.086243304	0	0.23055147	0	0.042574583	0.005258856	0.062803524	0.0342885	0.027516942	0.018236559	0	0.044041173	0.022180639	0.060157817	0	0.040607087	0.072714698	0.051252637	0	0.126053523	0.100581099	0.094973946	0
ATCAACA	0.079287969	0	0.078256031	0.067645337	0.125005038	0	0.156656938	0.0950276	0.140401535	0	0.138253341	0.10304026	0.262388189	0	0.314097187	0.139847247	0.075341218	0.273884607	0	0.350271449	0	0.927575764	0.710454563	0.421374174	0	1.001950719	0.747443763	0.51951717	0	0.451020856	0.372423072	0.174423111	0.485184866	0.126450398	0.607889188	0	0	0.615550247	0.905275955	0.340263691	0	0.773784484	0.736677506	0.097563933	0.109938713	0.167088853	0	0.150431779	0.141530108	0.109441831	0	0.355051602	0.048934528	0.063412371	0	0.123536104	0.027904411	0	0.004529548	0.021891211	0.051447402	0	0.038606156	0.01139608	0.016512871	0.001293017	0.007615494	0	0.154641141	0.099515583	0.13162297	0
ATCAATA	0.009038369	0	0.083057505	0.074300079	0.008254765	0	0.05368444	0.058146338	0	0.00892835	0.139037462	0.074995159	0.129624401	0	0.276347156	0.088488608	0	0.254495067	0.008263425	0.267697881	0	0.776702648	0.691102989	0.367146771	0	0.915717607	0.515634754	0.551294682	0	0.518617098	0.415760906	0.064533202	0.146700255	0.043174113	0.511087628	0	0	0.430114712	0.448558331	0.13621823	0	0.613448656	0.497746009	0.15356691	0.103097802	0.161001306	0	0.156326479	0.089638185	0.119737358	0	0.224898361	0	0.043050717	0.055812461	0.094848455	0.009959102	0	0.052775529	0.03448384	0.046635382	0.034531935	0.047775129	0	0.143129269	0.198420004	0.204315579	0	0.160217976	0.223971829	0.138259168	0
CAAAACA	0.049852263	0	0.105445382	0.056793324	0	0.080393706	0.105782069	0.058892098	0.080620999	0	0.163855424	0.111781382	0.387307104	0	0.364651796	0.139054668	0.158092185	0.282470566	0	0.367469778	0	1.011525681	0.76721866	0.461021087	0	1.005948988	0.878886246	0.605331902	0	0.900561748	0.798833824	0.497190404	0.793758469	0.294393765	0.706176431	0	0	0.746983901	1.001644614	0.293464285	0	0.732056106	0.746468525	0.01749649	0.114773911	0.169672351	0	0.149774356	0.122693776	0.079944528	0	0.365415234	0	0.010606322	0.025416362	0.105105121	0	0.013788961	0.053046084	0.014565878	0	0.024846801	0.084784938	0.016139944	0.107334216	0.13860428	0.159576081	0	0.133347985	0.130859502	0.136493342	0
CAAAATA	0	0.10591216	0.125449853	0.112892972	0	0.095040225	0.181177119	0.103965385	0	0.016047709	0.135555329	0.057228995	0.345285886	0	0.426012501	0.116836556	0.204723869	0.323717332	0	0.398236065	0	0.940975029	0.70960786	0.461152046	0	0.946330094	0.87945089	0.582182597	0	0.863371598	0.783236984	0.490005815	0.605566223	0.321940174	0.610611801	0	0	0.414068824	0.36708066	0.117435642	0	0.644323985	0.54700206	0.218026869	0.059488627	0.138503532	0	0.215739398	0.061894912	0.072019371	0	0.253514908	0	0.067643665	0.091395708	0.138130517	0	0.057053634	0.124842821	0.053675772	0.0302099	0.071897955	0.153485378	0	0.097608168	0.207033353	0.24109546	0	0.209950952	0.293401038	0.27156458	0
CAATACA	0	0.095158644	0.228125362	0.141680835	0	0.215575606	0.358690441	0.151863973	0	0.131482648	0.244512809	0.175295489	0.079080276	0.018602364	0.297639857	0	0	0.272842049	0.008790525	0.207625231	0	0.652931051	0.530060474	0.260072478	0	0.672808416	0.727767417	0.39220482	0	0.670029735	0.693223414	0.381070678	0	0.321285441	0.427395525	0.326808463	0	0.401176156	0.521502602	0.106960197	0	0.493277867	0.50346676	0.086283422	0	0.094991453	0.048162815	0.038856416	0	0.030135066	0.002449006	0.115549221	0	0.060407873	0.047142906	0.05710976	0	0.00196101	0.051104273	0.014105856	0.047119162	0.060004686	0.068940184	0	0.035063416	0.187746344	0.113243797	0	0.155330389	0.248334391	0.110249195	0
CACAACA	0.050527383	0	0.078609244	0.031670282	0.067092331	0	0.144679894	0.068647975	0.111207519	0	0.19773321	0.113467793	0.235691258	0	0.32674906	0.113508972	0.020091735	0.249342263	0	0.245667503	0	0.886119585	0.712778432	0.372212404	0	1.007913191	0.715184304	0.59550327	0	0.627853177	0.600491436	0.427206425	0.432482589	0.070880845	0.474165888	0	0	0.691901491	0.950475001	0.348324901	0	0.782213062	0.781475539	0.045214088	0.131457474	0.183639473	0	0.136511019	0.117125577	0.099836106	0	0.35879645	0	0.00924136	0.021113755	0.109860485	0.022365756	0	0.052990161	0.026296989	0.030022277	0.041446083	0.054552091	0	0.080743174	0.079629923	0.101683744	0	0.147355125	0.126903004	0.153397693	0
CACAATA	0.072925129	0	0.181854384	0.097459001	0	0.151629354	0.181772618	0.134814196	0	0.294905491	0.349491508	0.203196826	0	0.169858365	0.426991023	0.143004271	0	0.311258927	0.106441782	0.228591774	0	0.309908324	0.432130562	0.023026234	0	0.629514832	0.339879049	0.532982814	0	0.564993648	0.56667126	0.249903455	0	0.04077148	0.505169889	0.138088214	0	0.274490199	0.204852646	0.09704291	0	0.398451713	0.347075547	0.105655372	0.02033595	0.084930181	0	0.067894122	0.0083878	0.048921751	0	0.110421432	0	0.030092754	0.029898863	0.053285295	0.008388344	0	0.099725715	0.004667092	0.044623095	0.054010599	0.086226818	0	0.118103347	0.181851516	0.232531319	0	0.18497424	0.233589063	0.295548824	0
CACGCA	0	0.095177849	0.201498294	0.072655576	0	0.10366386	0.183370306	0.11011926	0.03087426	0	0.143109305	0.067454425	0.238527011	0	0.376927965	0.105261932	0.011247347	0.217670832	0	0.26147391	0	0.79615503	0.680634074	0.454451815	0	0.925355404	0.820520499	0.650632091	0	0.564287563	0.625642628	0.339032867	0.099489551	0	0.094875992	0.103195621	0	0.327142912	0.646870664	0.162274509	0.020501144	0.378536803	0.602276196	0	0.151648056	0.277739775	0.347037603	0	0.179387671	0.202132874	0.220761048	0	0.13154585	0.20061974	0.145163054	0	0.011791858	0.104553658	0.08194128	0	0	0.034051087	0.078452323	0.031012116	0	0.014027001	0.046674627	0.025792172	0.07730033	0.115744278	0.213901285	0
CATAACA	0	0.064238681	0.157524999	0.064814078	0	0.072117143	0.137230368	0.085628651	0.066780092	0	0.16118224	0.074869541	0.407443043	0	0.42873787	0.141406881	0.202569227	0.314558737	0	0.44308184	0	1.066281064	0.831606639	0.520716661	0	1.134769028	0.965365195	0.653716153	0	0.96976065	0.914433971	0.479179778	0.813338765	0.319671444	0.784056561	0	0	0.692402821	0.893531095	0.257551865	0	0.752780812	0.774533921	0.016054587	0.068525401	0.164284623	0	0.095947491	0.109789195	0.108707752	0	0.340670078	0	0.030832902	0.014605368	0.102274293	0	0.021313865	0.067981186	0.03282275	0.050865717	0.047368459	0.055587225	0	0.110173835	0.11622025	0.122463313	0	0.149839656	0.168248661	0.14600211	0
CATAATA	0	0.032019292	0.161256818	0.028226752	0	0.15254589	0.16700598	0.073995056	0	0.156007464	0.202233516	0.09633919	0.154002332	0	0.371431338	0.070573541	0.114454892	0.301972958	0	0.279385711	0	0.638503383	0.564070591	0.278260977	0	0.846224024	0.550734745	0.555843336	0	0.759940928	0.708371626	0.227012137	0.251395884	0.303641522	0.559399773	0	0	0.314685277	0.316071561	0.077356689	0	0.519815445	0.448423903	0.124280928	0.028308397	0.106977551	0	0.06762285	0.017748321	0.071173177	0	0.119376291	0	0.029191397	0.083909017	0.093166099	0	0.051613271	0.104092298	0.030144212	0.051073941	0.080446267	0.092792953	0	0.109294967	0.211847435	0.26468583	0	0.136033124	0.237051058	0.224495803	0
CATCACA	0.000918992	0	0.252431676	0.14911011	0	0.162517301	0.287027732	0.180602688	0	0.102611762	0.147259111	0.123207192	0	0.086378452	0.324699336	0.035907978	0	0.425520119	0.186425011	0.33563031	0	0.578910052	0.500059851	0.327972371	0	0.386076152	0.610711588	0.137799847	0	0.599104344	0.242922421	0.397543745	0.311707975	0.543675767	0.585941989	0	0	0.363425169	0.441815414	0.219552419	0	0.266004662	0.297701506	0.11950687	0.012148931	0.059241462	0	0.002703389	0	0.059924236	0.007153157	0.06241098	0	0.074958842	0.081079145	0.023356963	0.013722019	0.031475618	0.007607724	0	0.092452999	0.108144426	0.121396328	0	0.081676861	0.152021646	0.169787142	0	0.12220978	0.174650721	0.254415738	0
CCAAACA	0.060335102	0	0.024178826	0.015000672	0.05568949	0.008737044	0.091848383	0	0.065833032	0	0.161683957	0.101256462	0.299277615	0	0.327478717	0.157398776	0.055850316	0.239486866	0	0.286468096	0	1.038089987	0.78439036	0.499470896	0	1.131316168	0.952805631	0.614139586	0	0.697418001	0.798871543	0.423364506	0.38201021	0	0.602574365	0.336583932	0	0.722594986	0.98979689	0.310122193	0	0.809915691	0.813086268	0.032506105	0.037475653	0.162774867	0	0.109764574	0.106733491	0.11115214	0	0.39041961	0.020133894	0	0.056000956	0.144452936	0	0.059173475	0.081567561	0.027488424	0.00563916	0.059406551	0.062814273	0	0.050666524	0.113274946	0.158409165	0	0.135576272	0.16071805	0.158688942	0
CGCGCA	0	0.044706009	0.145264644	0.032462789	0	0.004196204	0.126922977	0.025727449	0.020419551	0	0.11585334	0.073793267	0.101599111	0	0.311779501	0.10319026	0	0.30272725	0.118318088	0.339418875	0	0.790802603	0.679973798	0.452098097	0	0.833422198	0.737672539	0.551459584	0	0.34472918	0.419407232	0.266596311	0	0.080257777	0.100963648	0.256917258	0	0.288795325	0.597338256	0.109387881	0.077528754	0.439173494	0.596324484	0	0.21151225	0.311306459	0.360102283	0	0.188300282	0.234859619	0.21289912	0	0.127995619	0.157911216	0.102476028	0	0	0.08997808	0.069179009	0.004023824	0.023748938	0.04350195	0.08558487	0	0.02528288	0.002254385	0.059161194	0	0.219524736	0.236286162	0.273151509	0
CTAAACA	0.048551678	0	0.134662526	0.063473022	0.034397694	0	0.151280105	0.064477392	0.132924546	0	0.173430921	0.124533846	0.413988899	0	0.437262496	0.221208539	0.134461016	0.278224607	0	0.384937443	0	1.108890993	0.820031843	0.533889962	0	1.167685907	0.949757783	0.658874979	0	0.618948652	0.618308244	0.334114063	0.413358156	0.093429432	0.627989144	0	0	0.739909483	0.989383705	0.32305037	0	0.85505584	0.800239891	0.062567538	0.102959182	0.169086521	0	0.160138572	0.13667841	0.133135233	0	0.380479423	0	0.01602332	0.002128154	0.114312189	0.006492195	0	0.072592395	0.030899694	0.011222846	0.03315138	0.065512067	0	0.052714662	0.082251886	0.105547977	0	0.087060271	0.087019626	0.129888071	0
GAAAACA	0.016806423	0	0.14214208	0.047549931	0.034750719	0	0.133047166	0.014220089	0.080044929	0	0.146778625	0.102753505	0.339242487	0	0.344300202	0.18681266	0.0521543	0.243331902	0	0.33068951	0	0.97135262	0.762456234	0.497935911	0	1.048023643	0.84255712	0.611317824	0	0.832053755	0.688123743	0.501925012	0.371029737	0.223170394	0.529019503	0	0	0.687996053	0.95068012	0.306216043	0	0.72303049	0.693669664	0.040185931	0.037160915	0.117804253	0	0.100200747	0.072392034	0.04590322	0	0.302048999	0	0.041959528	0.023038541	0.084749561	0	0.009448507	0.06230732	0.009899247	0.035763034	0.07314752	0.092201329	0	0.116442496	0.123045186	0.14634057	0	0.04596175	0.034929268	0.053305378	0
GAATACA	0.054215159	0	0.087561544	0.037108336	0	0.027741209	0.164006468	0.052011188	0.026749918	0	0.124428049	0.087907411	0.179095979	0	0.233765665	0.101446866	0	0.150562217	0.004382191	0.188172643	0	0.665531814	0.640641364	0.368650074	0	0.811966529	0.704094293	0.434056746	0	0.645829658	0.546687905	0.312029132	0.369004969	0.254738378	0.588244991	0	0	0.419072965	0.645067948	0.128461065	0	0.638477518	0.602240579	0.11954003	0.041218292	0.123165311	0.086722295	0	0	0.097958835	0.047047506	0.157868656	0	0.077089785	0.04432341	0.032146934	0.010205141	0.035008338	0.046864805	0	0.036187288	0.045774731	0.066953815	0	0.067707735	0.119659234	0.129054266	0	0	0.11600783	0.065837154	0.030757958
GACAACA	0.044287489	0	0.073042347	0.025138748	0.112253289	0	0.107583821	0.084770704	0.150778934	0	0.238102439	0.19654273	0.160036969	0	0.271861188	0.162347509	0	0.319535164	0.080720291	0.268479398	0	0.869886027	0.747630457	0.395077953	0	0.947896093	0.704339009	0.457841008	0	0.622714929	0.431424006	0.38121278	0.574264165	0.335859435	0.831021002	0	0	0.677882876	0.929399308	0.392649151	0	0.747457291	0.713977749	0.051787246	0.110808372	0.16395358	0	0.160715336	0.120665651	0.095271645	0	0.35057329	0.018104061	0.044750201	0	0.114200114	0.016493384	0	0.033325832	0.008236321	0.069121959	0	0.051568166	0.011728534	0.080100261	0.062003327	0.095287722	0	0.101184205	0.102880406	0.083041543	0
GACAATA	0.025992371	0	0.09868154	0.078082688	0	0.011324741	0.075437902	0.015645635	0	0.101702857	0.21842399	0.142858741	0	0.0941068	0.313250799	0.106930475	0	0.361691967	0.16978141	0.270480106	0	0.545048772	0.606625513	0.128425172	0	0.805769403	0.316413407	0.513975822	0	0.631969712	0.465245378	0.195109214	0.324801809	0.245027486	0.627919884	0	0	0.388905085	0.360582525	0.126876769	0	0.503654647	0.416014019	0.163185899	0.062970621	0.118116812	0	0.07581637	0.030506685	0.068224122	0	0.148017624	0	0.013330786	0.035999067	0.062459149	0	0.049780625	0.086779914	0.017773463	0.069476047	0.059345761	0.100360108	0	0.117733664	0.151931115	0.227827963	0	0.146533681	0.265733619	0.286024301	0
GACGCA	0.020959928	0	0.056506453	0.01841265	0.063266605	0	0.11535855	0.042732259	0.129696013	0	0.174715239	0.131329962	0.285439241	0	0.37939379	0.172438522	0	0.253767302	0.008973522	0.326045118	0	1.046908164	0.82047348	0.534166238	0	1.14062424	0.818989402	0.628204194	0	0.593021425	0.406536151	0.340408676	0.248946918	0.119822234	0.384131752	0	0	0.355577306	0.828889968	0.143805007	0.046009611	0.511920628	0.82519758	0	0.207094982	0.307562165	0.432225963	0	0.197615573	0.189509375	0.193195307	0	0.090907884	0.147304586	0.06775818	0	0.022974371	0.079438357	0.049900819	0	0	0.044806802	0.054099206	0.027183601	0.002867546	0.021872386	0	0.009260165	0.06383885	0.077900449	0.136889428	0
GACGCG	0	0.085953612	0.117635478	0.056752449	0.001839546	0	0.140116372	0.025595168	0.060538127	0	0.186006027	0.098439044	0.135824255	0	0.299600236	0.107370126	0	0.256218921	0.10375674	0.26652885	0	0.75193004	0.676658384	0.438517532	0	0.816010505	0.611660882	0.504961277	0	0.446029129	0.336555599	0.242217449	0.138561323	0.120597228	0.306317963	0	0.098357589	0.307395214	0.464458534	0	0	0.342776492	0.380438948	0.007108877	0.149821872	0.271274704	0.298161102	0	0.140662256	0.207857765	0.192055832	0	0.142231727	0.207997576	0.148941792	0	0.099291816	0.187104016	0.17426009	0	0.04434293	0.049860967	0.078865602	0	0.042946684	0.128291749	0.020752704	0	0.08911318	0.145093246	0.173968628	0
GACGCT	0	0.056747448	0.110184482	0.042863831	0.019347749	0	0.102720244	0.01537233	0.071754089	0	0.165767554	0.114104853	0.104139611	0	0.287180958	0.076200692	0	0.273698831	0.146063594	0.234150781	0	0.711375785	0.663878802	0.297444465	0	0.7947211	0.385852527	0.478303063	0	0.438228427	0.303607358	0.113776062	0.249851649	0.188951744	0.336319101	0	0.1466912	0.613924814	0.587930904	0	0.151320788	0.430434554	0.545357651	0	0.155226902	0.239347331	0.239203057	0	0.19540377	0.21764076	0.187499243	0	0.126991937	0.172483158	0.116040813	0	0.071660883	0.130618136	0.09509374	0	0.025432946	0.0992903	0.066881455	0	0.093009137	0.071981724	0.08432022	0	0.119144157	0.164826514	0.184971142	0
GACTCA	0	0.076688272	0.223510061	0.101247495	0	0.174290989	0.235841993	0.163177325	0	0.104328884	0.21561964	0.11273205	0	0.163442818	0.186778934	0.178788849	0	0.17228192	0.199786419	0.129140956	0	0.19223106	0.287522034	0.098648857	0	0.227932981	0.185604902	0.150594397	0	0.192716593	0.165075693	0.068279459	0.014636125	0.085990151	0.179710232	0	0	0.176928521	0.243129265	0.038177187	0.074704119	0.140870405	0.220470455	0	0	0.156636854	0.120280122	0.028655431	0.089631685	0.200968617	0.166381284	0	0.10319482	0.227571742	0.20024095	0	0.073014283	0.166007696	0.149806431	0	0.009968991	0.120697274	0.093180065	0	0.008662247	0.05516413	0.081260073	0	0.167038691	0.149881737	0.232791923	0
GATAACA	0	0.062368253	0.070585019	0.076731739	0.009287807	0	0.074126745	0.027707001	0.075845121	0	0.176718742	0.132985658	0.308747781	0	0.371709492	0.183690103	0.100787635	0.273294022	0	0.343243742	0	0.956051872	0.78918105	0.530285285	0	1.057413126	0.838992828	0.578892788	0	0.994320333	0.882274438	0.470486723	0.479065059	0.341732968	0.776657096	0	0	0.628627791	0.833531734	0.268798715	0	0.638925257	0.70818139	0.036360028	0.003561074	0.146740733	0	0.024780753	0.038778719	0.100219019	0	0.207474814	0	0.016621885	0.060635447	0.066934723	0.002751825	0	0.048550675	0.039871505	0.020879383	0.051160752	0.039193958	0	0.050160497	0.083917055	0.105141271	0	0.150758561	0.165269112	0.111646947	0
GCAAACA	0	0.008635367	0.095516661	0.021014451	0.034107303	0	0.113800787	0.010255829	0.021532681	0	0.166331315	0.095479178	0.098979879	0	0.266771866	0.127463692	0	0.225183912	0.0567472	0.202419329	0	0.938674574	0.6370296	0.469630357	0	0.993433372	0.814548606	0.402752795	0	0.700566336	0.667617809	0.450245387	0.198611845	0.167500187	0.516924035	0	0	0.681288276	0.919942236	0.316413717	0	0.771075894	0.759589845	0.059999545	0.093846887	0.184754297	0	0.120903721	0.101344914	0.134622029	0	0.323138437	0.0206063	0	0.015285305	0.136049366	0.006139782	0	0.067706227	0.032169991	0.043359572	0.046230592	0.049499671	0	0.095271426	0.134372231	0.137985917	0	0.133756654	0.117585355	0.199665319	0
GGCAACA	0.082205565	0	0.112049619	0.121707729	0.08264433	0	0.155792513	0.108474351	0.109256475	0	0.150185959	0.122340193	0.157409499	0	0.249426261	0.174775235	0	0.276779987	0.120494803	0.221023334	0	0.821225579	0.685378038	0.35122458	0	0.858568948	0.669529953	0.432479332	0	0.624520746	0.443486147	0.334640161	0.417548987	0.273017907	0.489428684	0	0	0.666793858	0.899331391	0.407361711	0	0.783660318	0.728301177	0.117694821	0.051087961	0.206375071	0	0.087346343	0.082674733	0.137956639	0	0.283228536	0	0.055972911	0.017112331	0.102439649	0.015830664	0	0.03824217	0.037227789	0	0.059249024	0.05472518	0.011973323	0.098782469	0.109901432	0.124645024	0	0.068079649	0.137207936	0.100582839	0
GGCGCA	0	0.079966164	0.146941357	0.018500986	0	0.044910958	0.119092768	0.058815182	0.033453531	0	0.156970165	0.081900655	0.099768829	0	0.279625214	0.088852096	0	0.187989592	0.059196892	0.220791762	0	0.633501523	0.597979273	0.42949456	0	0.688614016	0.594961153	0.440815276	0	0.523293844	0.42745729	0.292306948	0.043329681	0	0.054616231	0.021240736	0	0.279490515	0.538785056	0.095756789	0.095571635	0.366016598	0.526361015	0	0.143547278	0.311282979	0.300616746	0	0.187829699	0.286332823	0.232686903	0	0.15894741	0.264297312	0.16119858	0	0.047205581	0.160223993	0.1220373	0	0	0.048257211	0.065806178	0.004537613	0.033038343	0.053221383	0.066760633	0	0.093100235	0.193278033	0.192814247	0
GTAAACA	0.084127824	0	0.05934619	0.053369144	0.045213366	0	0.049585945	0.058270438	0.131072657	0	0.174572113	0.129426892	0.249059962	0	0.235362915	0.180442369	0.025686614	0.181988413	0	0.228544227	0	0.79572014	0.564789138	0.36547643	0	0.873882864	0.639936479	0.422573907	0	0.62553876	0.433840144	0.290394499	0.346617029	0.21707244	0.475493797	0	0	0.575495292	0.771354343	0.243267939	0	0.621381848	0.558155122	0.03907761	0.11909703	0.15568321	0	0.174272642	0.140270786	0.115220626	0	0.311730634	0.039343642	0.044302084	0	0.115033235	0.027797456	0	0.015963707	0.001106628	0.092589393	0.014269337	0.065468215	0	0.071513764	0.089085583	0.089048855	0	0.118996531	0.027736554	0.050362406	0
GTAAATA	0	0.007239979	0.047430722	0.050366136	0.062235309	0	0.064743952	0.047137111	0.134563764	0	0.146239615	0.111496614	0.364252935	0	0.317219767	0.208386141	0.107620729	0.244650744	0	0.358931214	0	1.002207719	0.711700369	0.479525289	0	1.079890074	0.80728745	0.536712235	0	0.764517797	0.547368464	0.373487923	0.294076357	0.246627021	0.43228341	0	0	0.500618722	0.46606231	0.213032395	0	0.815786278	0.638696502	0.253630253	0.161939486	0.193058813	0	0.312005445	0.179688422	0.086713012	0	0.364344671	0.009722619	0.020516783	0	0.125675728	0.0936556	0	0.049056402	0.065624691	0.040509102	0.008940192	0.019418588	0	0.094414914	0.0771036	0.087140102	0	0.069915565	0.10316192	0.058758361	0
GTACACA	0.057020992	0.000191001	0.063834234	0	0.09782486	0	0.141985299	0.075629169	0.173523899	0	0.230960569	0.152853194	0.28385208	0	0.349029304	0.201095797	0	0.261407359	0.010405472	0.269379101	0	0.977104791	0.743975979	0.427963543	0	1.040371958	0.812837066	0.499410888	0	0.571332272	0.454638092	0.255673547	0.683273681	0.24939679	0.947497672	0	0	0.633171097	0.854164947	0.344815098	0	0.796423164	0.733266396	0.172455103	0.195173953	0.157027079	0	0.154700888	0.135595604	0.091427639	0	0.320214484	0.00031612	0.027233936	0	0.093290429	0.028959698	0	0.040064224	0.001301697	0.014037496	0.009132947	0.03406334	0	0.085094082	0.102865128	0.099203565	0	0.14595151	0.13384297	0.103518401	0
GTCAACA	0.032496018	0	0.046885227	0.019143559	0.020235136	0	0.075862457	0.048721248	0.135547708	0	0.166163261	0.138385021	0.255545277	0	0.257560589	0.143366703	0	0.222747607	0.008275685	0.279080739	0	0.893845572	0.676879039	0.436372298	0	0.960271223	0.716464822	0.407216955	0	0.551905488	0.386971153	0.290852072	0.885855371	0.29014245	1.261796767	0	0	0.613318124	0.836220648	0.291871868	0	0.710105193	0.648607508	0.058126548	0.109823706	0.163519037	0	0.180057787	0.143899454	0.144616372	0	0.339984983	0.019976836	0.004238618	0	0.091004231	0.053083022	0	0.03679321	0.040718803	0.037638173	0	0.024957677	0.009904769	0.104598299	0.066287115	0.086305707	0	0.169088524	0.17066896	0.159002578	0
GTCAATA	0	0.00331632	0.082054188	0.061285395	0.06260446	0	0.093908805	0.084012826	0.119220562	0	0.152610106	0.130742013	0.356191667	0	0.375080075	0.197988481	0.069947692	0.259417325	0	0.299711545	0	0.984584622	0.7498672	0.467893859	0	1.024974294	0.76159858	0.47092164	0	0.657248263	0.455197164	0.32063988	0.746427951	0.441502031	1.138840587	0	0	0.555025475	0.541740259	0.17889142	0	0.809026172	0.628729079	0.221100786	0.15736668	0.213476791	0	0.231339698	0.130996706	0.097735305	0	0.302665931	0	0.00457962	0.00822087	0.082118124	0.035291473	0	0.036139992	0.010105559	0.043660676	0.015467114	0.069396262	0	0.086322495	0.119870267	0.166830227	0	0.154521554	0.257891924	0.247931752	0
GTCGCA	0	0.068173697	0.115356975	0.05071025	0.001897663	0	0.07321436	0.001490008	0.063467259	0	0.113651355	0.062638134	0.397054459	0	0.448190945	0.173684274	0.151849206	0.247441891	0	0.37455783	0	1.003953734	0.827915233	0.67801516	0	1.1727091	0.963876955	0.666477932	0	0.998701417	0.805637188	0.49602306	0.037288068	0.374289536	0.139226638	0	0	0.352183292	0.718373596	0.128948283	0.080699739	0.463565837	0.730975866	0	0.175422671	0.318108702	0.401265489	0	0.202695996	0.214710019	0.22440089	0	0.131194922	0.180107525	0.108776	0	0.044823565	0.096578328	0.058469957	0	0	0.043796182	0.064871854	0.030446121	0	0.030369088	0.040721521	0.037833956	0.040926458	0.131232962	0.104709459	0
TACAACA	0.049079469	0	0.097664382	0.067122063	0.031419914	0	0.072415624	0.03653506	0.083600166	0	0.194524004	0.10953565	0.074730372	0	0.25249371	0.066499866	0	0.266338899	0.112249408	0.199718888	0	0.620031152	0.617833049	0.175408949	0	0.698238312	0.49384056	0.331266981	0	0.493765879	0.403811469	0.345640002	0.055784687	0.13248695	0	0.381096165	0	0.617629112	0.864709523	0.420606582	0	0.715622426	0.69181821	0.095840732	0.05424851	0.122622376	0	0.05756879	0.097665686	0.106980154	0	0.269981431	0	0.022582172	0.004689831	0.091423671	0.058935784	0	0.061184183	0.035427189	0.042149442	0.087003982	0.069341656	0	0.089516304	0.068137429	0.097015991	0	0.034057781	0.043683828	0.110146936	0
TACGCA	0	0.111873177	0.215719093	0.066604037	0	0.064563739	0.127214835	0.077715766	0.049381631	0	0.119316289	0.038859627	0	0.105623638	0.147380407	0.029551397	0	0.399123108	0.321803567	0.231514632	0	0.520067813	0.575853397	0.270787526	0	0.503440053	0.333600689	0.349470939	0.091367937	0.256942675	0.415509659	0	0	0.515074269	0.00915994	0.285337061	0	0.364756153	0.495769687	0.182934288	0	0.251363978	0.396322351	0.046928974	0.024546525	0.124615898	0.112851394	0	0.012788763	0.143502715	0.094438776	0	0.080613854	0.17850698	0.165879111	0	0.058267806	0.168275992	0.125647536	0	0.015682232	0.082778107	0.07748306	0	0.012408665	0.018038935	0.025922271	0	0.093785714	0.114118292	0.177532228	0
